﻿{"cameraMode":{"drawMode":0,"name":"Shaded","section":"Shading Mode"},"sceneLighting":true,"audioPlay":false,"sceneViewState":{"showFog":true,"showMaterialUpdate":false,"showSkybox":true,"showFlares":true,"showImageEffects":true,"showParticleSystems":true},"in2DMode":false,"pivot":{"x":931.3847045898438,"y":442.80609130859377,"z":1177.4971923828125},"rotation":{"x":0.29267457127571108,"y":0.606468141078949,"z":-0.2559174597263336,"w":0.6935734748840332},"size":1341.7423095703125,"orthographic":false}