﻿{"cameraMode":{"drawMode":0,"name":"Shaded","section":"Shading Mode"},"sceneLighting":false,"audioPlay":false,"sceneViewState":{"showFog":true,"showMaterialUpdate":false,"showSkybox":true,"showFlares":true,"showImageEffects":true,"showParticleSystems":true},"in2DMode":false,"pivot":{"x":-4.7563676834106449,"y":4.860138893127441,"z":5.376100540161133},"rotation":{"x":0.036600660532712939,"y":0.775816023349762,"z":0.04519536346197128,"w":-0.6282733082771301},"size":18.3729305267334,"orthographic":false}