﻿{"cameraMode":{"drawMode":0,"name":"Shaded","section":"Shading Mode"},"sceneLighting":true,"audioPlay":false,"sceneViewState":{"showFog":true,"showMaterialUpdate":false,"showSkybox":true,"showFlares":true,"showImageEffects":true,"showParticleSystems":true},"in2DMode":false,"pivot":{"x":-13.578641891479493,"y":20.314180374145509,"z":5.761049270629883},"rotation":{"x":0.07640811055898667,"y":0.4041427969932556,"z":0.03390071168541908,"w":-0.9108684062957764},"size":48.594661712646487,"orthographic":false}